{
  "model": "LiquidAI/LFM2.5-350M-Base",
  "gpu": "NVIDIA GeForce RTX 5090",
  "dtype": "bfloat16",
  "attn": "sdpa",
  "compile": false,
  "budget_ms": 100.0,
  "peak_mem_gb": 0.719591424,
  "pure_decode": {
    "per_token_ms": 12.250637866418401,
    "tok_per_s": 81.6284026108724,
    "n_new": 256,
    "repeats": 5
  },
  "sequential_buzz": {
    "0": {
      "n": 139,
      "mean_ms": 13.041609680454293,
      "p50_ms": 11.697462061420083,
      "p90_ms": 18.17682315595448,
      "p99_ms": 18.710843985900283,
      "max_ms": 25.759960990399122,
      "fits_budget_p90": true,
      "incremental_est_ms": 12.250637866418401
    },
    "5": {
      "n": 139,
      "mean_ms": 64.65054593189693,
      "p50_ms": 64.0761130489409,
      "p90_ms": 66.10016012564301,
      "p99_ms": 73.71325301937759,
      "max_ms": 101.8270670901984,
      "fits_budget_p90": true,
      "incremental_est_ms": 73.50382719851041
    },
    "10": {
      "n": 139,
      "mean_ms": 125.45466496903958,
      "p50_ms": 124.88321098499,
      "p90_ms": 128.51620186120272,
      "p99_ms": 141.56646304763854,
      "max_ms": 146.47548994980752,
      "fits_budget_p90": false,
      "incremental_est_ms": 134.7570165306024
    },
    "15": {
      "n": 139,
      "mean_ms": 186.71388706534083,
      "p50_ms": 186.32505112327635,
      "p90_ms": 189.93443716317415,
      "p99_ms": 207.31860189698637,
      "max_ms": 208.66901706904173,
      "fits_budget_p90": false,
      "incremental_est_ms": 196.01020586269442
    },
    "20": {
      "n": 139,
      "mean_ms": 247.4227783424284,
      "p50_ms": 246.77259987220168,
      "p90_ms": 251.89371407032013,
      "p99_ms": 268.30050186254084,
      "max_ms": 275.7445010356605,
      "fits_budget_p90": false,
      "incremental_est_ms": 257.2633951947864
    }
  },
  "fit_real_p90": [
    0,
    5
  ],
  "fit_incremental_est": [
    0,
    5
  ]
}