{
  "model": "LiquidAI/LFM2.5-350M-Base",
  "gpu": "NVIDIA GeForce RTX 5090",
  "dtype": "bfloat16",
  "attn": "sdpa",
  "compile": true,
  "budget_ms": 100.0,
  "peak_mem_gb": 0.719591424,
  "pure_decode": {
    "per_token_ms": 12.470270642370451,
    "tok_per_s": 80.19072149102226,
    "n_new": 256,
    "repeats": 5
  },
  "sequential_buzz": {
    "0": {
      "n": 139,
      "mean_ms": 740.3117951722614,
      "p50_ms": 10.868316981941462,
      "p90_ms": 17.79662282206118,
      "p99_ms": 26565.704798093066,
      "max_ms": 28554.58475300111,
      "fits_budget_p90": true,
      "incremental_est_ms": 12.470270642370451
    },
    "5": {
      "n": 139,
      "mean_ms": 67.49279363409167,
      "p50_ms": 67.23826704546809,
      "p90_ms": 68.73348192311823,
      "p99_ms": 70.65332191996276,
      "max_ms": 87.73340005427599,
      "fits_budget_p90": true,
      "incremental_est_ms": 74.82162385422271
    },
    "10": {
      "n": 139,
      "mean_ms": 131.28418268019453,
      "p50_ms": 130.4799378849566,
      "p90_ms": 133.24545789510012,
      "p99_ms": 176.06267309747636,
      "max_ms": 179.88779209554195,
      "fits_budget_p90": false,
      "incremental_est_ms": 137.17297706607496
    },
    "15": {
      "n": 139,
      "mean_ms": 195.46626391150593,
      "p50_ms": 194.86015802249312,
      "p90_ms": 197.85743509419262,
      "p99_ms": 221.69647412374616,
      "max_ms": 232.33891208656132,
      "fits_budget_p90": false,
      "incremental_est_ms": 199.52433027792722
    },
    "20": {
      "n": 139,
      "mean_ms": 259.88196084785056,
      "p50_ms": 258.3865460474044,
      "p90_ms": 262.8898029215634,
      "p99_ms": 316.1448899190873,
      "max_ms": 322.25630921311677,
      "fits_budget_p90": false,
      "incremental_est_ms": 261.8756834897795
    }
  },
  "fit_real_p90": [
    0,
    5
  ],
  "fit_incremental_est": [
    0,
    5
  ]
}