{
  "backend": "vllm",
  "model": "LiquidAI/LFM2.5-350M-Base",
  "dtype": "bfloat16",
  "apc": true,
  "enforce_eager": false,
  "budget_ms": 100.0,
  "pure_decode": {
    "per_token_ms": 2.215218652600015,
    "tok_per_s": 451.42270665981175,
    "n_new": 256,
    "repeats": 5
  },
  "sequential_buzz": {
    "20": {
      "n": 191,
      "mean_ms": 51.89534826618644,
      "p50_ms": 51.45718879066408,
      "p90_ms": 53.24783502146602,
      "p99_ms": 64.76467591710389,
      "max_ms": 77.82833697274327,
      "fits_budget_p90": true,
      "incremental_est_ms": 46.519591704600316
    },
    "25": {
      "n": 191,
      "mean_ms": 62.043114998060915,
      "p50_ms": 61.83177581988275,
      "p90_ms": 63.75051406212151,
      "p99_ms": 68.45658598467708,
      "max_ms": 97.15115115977824,
      "fits_budget_p90": true,
      "incremental_est_ms": 57.59568496760039
    },
    "30": {
      "n": 191,
      "mean_ms": 72.21301560075612,
      "p50_ms": 72.09522509947419,
      "p90_ms": 73.76042404212058,
      "p99_ms": 80.98666602745652,
      "max_ms": 95.36919603124261,
      "fits_budget_p90": true,
      "incremental_est_ms": 68.67177823060047
    },
    "35": {
      "n": 191,
      "mean_ms": 83.3482248757366,
      "p50_ms": 83.08224100619555,
      "p90_ms": 85.54310398176312,
      "p99_ms": 106.42628720961511,
      "max_ms": 106.44167102873325,
      "fits_budget_p90": true,
      "incremental_est_ms": 79.74787149360054
    },
    "40": {
      "n": 191,
      "mean_ms": 93.11302740941146,
      "p50_ms": 93.13934994861484,
      "p90_ms": 94.9871928896755,
      "p99_ms": 96.86648310162127,
      "max_ms": 96.97439498268068,
      "fits_budget_p90": true,
      "incremental_est_ms": 90.82396475660062
    }
  },
  "fit_real_p90": [
    20,
    25,
    30,
    35,
    40
  ],
  "fit_incremental_est": [
    20,
    25,
    30,
    35,
    40
  ]
}