{
  "backend": "vllm",
  "model": "LiquidAI/LFM2.5-350M-Base",
  "dtype": "bfloat16",
  "apc": true,
  "enforce_eager": false,
  "budget_ms": 100.0,
  "pure_decode": {
    "per_token_ms": 2.1341761783332913,
    "tok_per_s": 468.5648777042208,
    "n_new": 256,
    "repeats": 5
  },
  "sequential_buzz": {
    "0": {
      "n": 191,
      "mean_ms": 9.655120585074755,
      "p50_ms": 9.75909293629229,
      "p90_ms": 10.476029012352228,
      "p99_ms": 12.07197387702763,
      "max_ms": 13.013575924560428,
      "fits_budget_p90": true,
      "incremental_est_ms": 2.1341761783332913
    },
    "5": {
      "n": 191,
      "mean_ms": 18.22917947194573,
      "p50_ms": 18.318505957722664,
      "p90_ms": 19.47880699299276,
      "p99_ms": 21.06320485472679,
      "max_ms": 21.071747178211808,
      "fits_budget_p90": true,
      "incremental_est_ms": 12.805057069999748
    },
    "10": {
      "n": 191,
      "mean_ms": 29.015226250621662,
      "p50_ms": 28.948584804311395,
      "p90_ms": 30.15857213176787,
      "p99_ms": 32.30201709084213,
      "max_ms": 63.598656095564365,
      "fits_budget_p90": true,
      "incremental_est_ms": 23.475937961666205
    },
    "15": {
      "n": 191,
      "mean_ms": 39.4742911271946,
      "p50_ms": 39.395641069859266,
      "p90_ms": 40.731135988608,
      "p99_ms": 44.5201201364398,
      "max_ms": 66.55959994532168,
      "fits_budget_p90": true,
      "incremental_est_ms": 34.14681885333266
    },
    "20": {
      "n": 191,
      "mean_ms": 50.348195348529835,
      "p50_ms": 50.35615689121187,
      "p90_ms": 52.034675842151046,
      "p99_ms": 53.75335505232215,
      "max_ms": 79.28790687583387,
      "fits_budget_p90": true,
      "incremental_est_ms": 44.81769974499912
    }
  },
  "fit_real_p90": [
    0,
    5,
    10,
    15,
    20
  ],
  "fit_incremental_est": [
    0,
    5,
    10,
    15,
    20
  ]
}