{
  "backend": "vllm",
  "model": "LiquidAI/LFM2.5-350M-Base",
  "dtype": "bfloat16",
  "apc": true,
  "enforce_eager": false,
  "budget_ms": 100.0,
  "pure_decode": {
    "per_token_ms": 1.2813534820452332,
    "tok_per_s": 780.4247727206777,
    "n_new": 256,
    "repeats": 5
  },
  "sequential_buzz": {
    "0": {
      "n": 191,
      "mean_ms": 5.840437867098454,
      "p50_ms": 5.907103419303894,
      "p90_ms": 5.984731018543243,
      "p99_ms": 7.64661468565464,
      "max_ms": 8.179757744073868,
      "fits_budget_p90": true,
      "incremental_est_ms": 1.2813534820452332
    },
    "10": {
      "n": 191,
      "mean_ms": 17.74978229083628,
      "p50_ms": 17.813267186284065,
      "p90_ms": 18.158327788114548,
      "p99_ms": 21.093513816595078,
      "max_ms": 21.45792357623577,
      "fits_budget_p90": true,
      "incremental_est_ms": 14.094888302497566
    },
    "20": {
      "n": 191,
      "mean_ms": 30.6754692979352,
      "p50_ms": 30.547311529517174,
      "p90_ms": 31.516743823885918,
      "p99_ms": 33.62814523279667,
      "max_ms": 34.2056043446064,
      "fits_budget_p90": true,
      "incremental_est_ms": 26.9084231229499
    },
    "30": {
      "n": 191,
      "mean_ms": 43.67668151426378,
      "p50_ms": 43.56652498245239,
      "p90_ms": 44.956449419260025,
      "p99_ms": 45.863596722483635,
      "max_ms": 45.907290652394295,
      "fits_budget_p90": true,
      "incremental_est_ms": 39.72195794340223
    },
    "40": {
      "n": 191,
      "mean_ms": 57.34152828601643,
      "p50_ms": 57.40129575133324,
      "p90_ms": 58.399468660354614,
      "p99_ms": 60.948289930820465,
      "max_ms": 61.3250806927681,
      "fits_budget_p90": true,
      "incremental_est_ms": 52.53549276385456
    }
  },
  "fit_real_p90": [
    0,
    10,
    20,
    30,
    40
  ],
  "fit_incremental_est": [
    0,
    10,
    20,
    30,
    40
  ]
}