{
  "backend": "vllm",
  "model": "LiquidAI/LFM2.5-1.2B-Base",
  "dtype": "bfloat16",
  "apc": true,
  "enforce_eager": false,
  "budget_ms": 100.0,
  "pure_decode": {
    "per_token_ms": 1.9924971624277532,
    "tok_per_s": 501.882772461042,
    "n_new": 256,
    "repeats": 5
  },
  "sequential_buzz": {
    "0": {
      "n": 191,
      "mean_ms": 5.936103136673648,
      "p50_ms": 5.911717191338539,
      "p90_ms": 6.022026762366295,
      "p99_ms": 8.766790851950645,
      "max_ms": 8.899971842765808,
      "fits_budget_p90": true,
      "incremental_est_ms": 1.9924971624277532
    },
    "10": {
      "n": 191,
      "mean_ms": 24.429297367237627,
      "p50_ms": 24.51108954846859,
      "p90_ms": 24.697110056877136,
      "p99_ms": 26.052996516227722,
      "max_ms": 26.540791615843773,
      "fits_budget_p90": true,
      "incremental_est_ms": 21.917468786705285
    },
    "20": {
      "n": 191,
      "mean_ms": 44.22472821090234,
      "p50_ms": 44.30539347231388,
      "p90_ms": 44.546425342559814,
      "p99_ms": 45.34747265279293,
      "max_ms": 45.39388231933117,
      "fits_budget_p90": true,
      "incremental_est_ms": 41.84244041098282
    },
    "30": {
      "n": 191,
      "mean_ms": 63.99906241378859,
      "p50_ms": 64.07274305820465,
      "p90_ms": 64.4469577819109,
      "p99_ms": 64.74053673446178,
      "max_ms": 64.81144577264786,
      "fits_budget_p90": true,
      "incremental_est_ms": 61.76741203526035
    },
    "40": {
      "n": 191,
      "mean_ms": 83.83886541449587,
      "p50_ms": 83.90776440501213,
      "p90_ms": 84.19297635555267,
      "p99_ms": 84.97041463851929,
      "max_ms": 85.4096096009016,
      "fits_budget_p90": true,
      "incremental_est_ms": 81.69238365953788
    }
  },
  "fit_real_p90": [
    0,
    10,
    20,
    30,
    40
  ],
  "fit_incremental_est": [
    0,
    10,
    20,
    30,
    40
  ]
}