{
  "backend": "vllm",
  "model": "LiquidAI/LFM2.5-1.2B-JP-202606",
  "dtype": "bfloat16",
  "apc": true,
  "enforce_eager": false,
  "budget_ms": 100.0,
  "pure_decode": {
    "per_token_ms": 1.9903820240870116,
    "tok_per_s": 502.41611303674233,
    "n_new": 256,
    "repeats": 5
  },
  "sequential_buzz": {
    "0": {
      "n": 191,
      "mean_ms": 5.903348073129255,
      "p50_ms": 5.910158157348633,
      "p90_ms": 6.016368046402931,
      "p99_ms": 8.69639776647091,
      "max_ms": 8.857009932398796,
      "fits_budget_p90": true,
      "incremental_est_ms": 1.9903820240870116
    },
    "10": {
      "n": 191,
      "mean_ms": 24.444194686116347,
      "p50_ms": 24.52084794640541,
      "p90_ms": 24.761131033301353,
      "p99_ms": 25.771599262952805,
      "max_ms": 26.18825063109398,
      "fits_budget_p90": true,
      "incremental_est_ms": 21.894202264957126
    },
    "20": {
      "n": 191,
      "mean_ms": 44.22852592981611,
      "p50_ms": 44.26819644868374,
      "p90_ms": 44.570235535502434,
      "p99_ms": 45.9032841026783,
      "max_ms": 45.91529071331024,
      "fits_budget_p90": true,
      "incremental_est_ms": 41.79802250582724
    },
    "30": {
      "n": 191,
      "mean_ms": 63.96435856507087,
      "p50_ms": 64.0416331589222,
      "p90_ms": 64.30729851126671,
      "p99_ms": 64.80597145855427,
      "max_ms": 65.32331928610802,
      "fits_budget_p90": true,
      "incremental_est_ms": 61.70184274669736
    },
    "40": {
      "n": 191,
      "mean_ms": 83.78997195453545,
      "p50_ms": 83.89027416706085,
      "p90_ms": 84.17532406747341,
      "p99_ms": 84.56907607614994,
      "max_ms": 84.7301185131073,
      "fits_budget_p90": true,
      "incremental_est_ms": 81.60566298756747
    }
  },
  "fit_real_p90": [
    0,
    10,
    20,
    30,
    40
  ],
  "fit_incremental_est": [
    0,
    10,
    20,
    30,
    40
  ]
}